{
    "loss": 1.2178242206573486,
    "accuracy": 0.9482758641242981
}