{
    "loss": 1.405685544013977,
    "accuracy": 0.9224137663841248
}