{
    "loss": 0.9752018451690674,
    "accuracy": 0.9568965435028076
}